batch_size,beat_mask_ms,chunk_count,chunk_seconds,crossfade_seconds,dropout,join_method,model_choice,n_mask_codebooks,num_feedback_steps,num_outputs,onset_mask_width,periodic_p,pitch_shift_amt,preset,run_id,run_number,sample_cutoff,sampletemp,sampling_steps,status,stretch_factor,sweep_label,sweep_param,sweep_value,top_p,typical_filtering,typical_mass,typical_min_tokens
2,0,1,,,0.0,direct,sax-new,3,1,2,0,7,0,,001_baseline_default_default_28a995ff41ce,1,1.0,1.0,36,ok,1,default,baseline,default,0.0,True,0.15,64
2,0,1,,,0.0,direct,sax-new,3,1,2,0,3,0,,002_periodic_prompt_low20_3_e8097ceccac1,2,1.0,1.0,36,ok,1,low20,periodic_prompt,3,0.0,True,0.15,64
2,0,1,,,0.0,direct,sax-new,3,1,2,0,6,0,,003_periodic_prompt_mid50_6_4976614e37dc,3,1.0,1.0,36,ok,1,mid50,periodic_prompt,6,0.0,True,0.15,64
2,0,1,,,0.0,direct,sax-new,3,1,2,0,10,0,,004_periodic_prompt_high80_10_4139f65c160c,4,1.0,1.0,36,ok,1,high80,periodic_prompt,10,0.0,True,0.15,64
2,0,1,,,0.0,direct,sax-new,3,1,2,20,7,0,,005_onset_mask_width_low20_20_ed873ac51873,5,1.0,1.0,36,ok,1,low20,onset_mask_width,20,0.0,True,0.15,64
2,0,1,,,0.0,direct,sax-new,3,1,2,50,7,0,,006_onset_mask_width_mid50_50_0aecd481143b,6,1.0,1.0,36,ok,1,mid50,onset_mask_width,50,0.0,True,0.15,64
2,0,1,,,0.0,direct,sax-new,3,1,2,80,7,0,,007_onset_mask_width_high80_80_b6266df68c3a,7,1.0,1.0,36,ok,1,high80,onset_mask_width,80,0.0,True,0.15,64
2,41,1,,,0.0,direct,sax-new,3,1,2,0,7,0,,008_beat_mask_width_low20_41_a2b3e464b5c5,8,1.0,1.0,36,ok,1,low20,beat_mask_width,41,0.0,True,0.15,64
2,101,1,,,0.0,direct,sax-new,3,1,2,0,7,0,,009_beat_mask_width_mid50_101_962dc699865d,9,1.0,1.0,36,ok,1,mid50,beat_mask_width,101,0.0,True,0.15,64
2,160,1,,,0.0,direct,sax-new,3,1,2,0,7,0,,010_beat_mask_width_high80_160_15b29c380f5d,10,1.0,1.0,36,ok,1,high80,beat_mask_width,160,0.0,True,0.15,64
2,0,1,,,0.0,direct,sax-new,4,1,2,0,7,0,,011_compression_prompt_low20_4_d1bd44bd9326,11,1.0,1.0,36,ok,1,low20,compression_prompt,4,0.0,True,0.15,64
2,0,1,,,0.0,direct,sax-new,7,1,2,0,7,0,,012_compression_prompt_mid50_7_a2c87a00ba10,12,1.0,1.0,36,ok,1,mid50,compression_prompt,7,0.0,True,0.15,64
2,0,1,,,0.0,direct,sax-new,11,1,2,0,7,0,,013_compression_prompt_high80_11_59878ef74025,13,1.0,1.0,36,ok,1,high80,compression_prompt,11,0.0,True,0.15,64
2,0,1,,,0.2,direct,sax-new,3,1,2,0,7,0,,014_mask_dropout_low20_0p2_abf68d2719c2,14,1.0,1.0,36,ok,1,low20,mask_dropout,0.2,0.0,True,0.15,64
2,0,1,,,0.5,direct,sax-new,3,1,2,0,7,0,,015_mask_dropout_mid50_0p5_25b956df4072,15,1.0,1.0,36,ok,1,mid50,mask_dropout,0.5,0.0,True,0.15,64
2,0,1,,,0.8,direct,sax-new,3,1,2,0,7,0,,016_mask_dropout_high80_0p8_aa64779e72e4,16,1.0,1.0,36,ok,1,high80,mask_dropout,0.8,0.0,True,0.15,64
2,0,1,,,0.0,direct,sax-new,3,2,2,0,7,0,,017_feedback_steps_low20_2_2895531898a2,17,1.0,1.0,36,ok,1,low20,feedback_steps,2,0.0,True,0.15,64
2,0,1,,,0.0,direct,sax-new,3,5,2,0,7,0,,018_feedback_steps_mid50_5_21009e630556,18,1.0,1.0,36,ok,1,mid50,feedback_steps,5,0.0,True,0.15,64
2,0,1,,,0.0,direct,sax-new,3,7,2,0,7,0,,019_feedback_steps_high80_7_7e874d6bb562,19,1.0,1.0,36,ok,1,high80,feedback_steps,7,0.0,True,0.15,64
2,0,1,,,0.0,direct,sax-new,4,1,2,0,5,0,small_variation,020_preset_small_variation_small_variation_680b79a25d7e,20,1.0,1.0,36,ok,1,small_variation,preset,small_variation,0.0,True,0.15,64
2,0,1,,,0.0,direct,sax-new,4,1,2,0,7,0,medium_variation,021_preset_medium_variation_medium_variation_62c0629400fb,21,1.0,1.0,36,ok,1,medium_variation,preset,medium_variation,0.0,True,0.15,64
2,0,1,,,0.2,direct,sax-new,4,1,2,0,13,0,large_variation,022_preset_large_variation_large_variation_4ed95836d5fd,22,1.0,1.0,36,ok,1,large_variation,preset,large_variation,0.0,True,0.15,64
2,0,1,,,0.0,direct,sax-new,3,1,2,0,7,-7,,023_pitch_shift_amount_low20_neg7_cce481d2954e,23,1.0,1.0,36,ok,1,low20,pitch_shift_amount,-7,0.0,True,0.15,64
2,0,1,,,0.0,direct,sax-new,3,1,2,0,7,0,,024_pitch_shift_amount_mid50_0_28a995ff41ce,24,1.0,1.0,36,ok,1,mid50,pitch_shift_amount,0,0.0,True,0.15,64
2,0,1,,,0.0,direct,sax-new,3,1,2,0,7,7,,025_pitch_shift_amount_high80_7_242c8e6c334c,25,1.0,1.0,36,ok,1,high80,pitch_shift_amount,7,0.0,True,0.15,64
2,0,1,,,0.0,direct,sax-new,3,1,2,0,7,0,,026_sampling_temperature_low20_2p08_a671cbc3ccab,26,1.0,2.08,36,ok,1,low20,sampling_temperature,2.08,0.0,True,0.15,64
2,0,1,,,0.0,direct,sax-new,3,1,2,0,7,0,,027_sampling_temperature_mid50_5p05_da6c38a3ca4d,27,1.0,5.05,36,ok,1,mid50,sampling_temperature,5.05,0.0,True,0.15,64
2,0,1,,,0.0,direct,sax-new,3,1,2,0,7,0,,028_sampling_temperature_high80_8p02_1ab27c08e949,28,1.0,8.02,36,ok,1,high80,sampling_temperature,8.02,0.0,True,0.15,64
2,0,1,,,0.0,direct,sax-new,3,1,2,0,7,0,,029_top_p_low20_0p2_74e0f1c81805,29,1.0,1.0,36,ok,1,low20,top_p,0.2,0.2,True,0.15,64
2,0,1,,,0.0,direct,sax-new,3,1,2,0,7,0,,030_top_p_mid50_0p5_2ea03207ee3f,30,1.0,1.0,36,ok,1,mid50,top_p,0.5,0.5,True,0.15,64
2,0,1,,,0.0,direct,sax-new,3,1,2,0,7,0,,031_top_p_high80_0p8_d871723c81ed,31,1.0,1.0,36,ok,1,high80,top_p,0.8,0.8,True,0.15,64
2,0,1,,,0.0,direct,sax-new,3,1,2,0,7,0,,032_typical_filtering_false_false_42ee4f4f7ee9,32,1.0,1.0,36,ok,1,false,typical_filtering,False,0.0,False,0.15,64
2,0,1,,,0.0,direct,sax-new,3,1,2,0,7,0,,033_typical_filtering_true_true_28a995ff41ce,33,1.0,1.0,36,ok,1,true,typical_filtering,True,0.0,True,0.15,64
2,0,1,,,0.0,direct,sax-new,3,1,2,0,7,0,,034_typical_mass_low20_0p21_29bb466bfc97,34,1.0,1.0,36,ok,1,low20,typical_mass,0.21,0.0,True,0.21,64
2,0,1,,,0.0,direct,sax-new,3,1,2,0,7,0,,035_typical_mass_mid50_0p5_6b1069647de6,35,1.0,1.0,36,ok,1,mid50,typical_mass,0.5,0.0,True,0.5,64
2,0,1,,,0.0,direct,sax-new,3,1,2,0,7,0,,036_typical_mass_high80_0p79_a580bc713d2b,36,1.0,1.0,36,ok,1,high80,typical_mass,0.79,0.0,True,0.79,64
2,0,1,,,0.0,direct,sax-new,3,1,2,0,7,0,,037_typical_min_tokens_low20_52_24bf6c46b883,37,1.0,1.0,36,ok,1,low20,typical_min_tokens,52,0.0,True,0.15,52
2,0,1,,,0.0,direct,sax-new,3,1,2,0,7,0,,038_typical_min_tokens_mid50_129_6415db591e15,38,1.0,1.0,36,ok,1,mid50,typical_min_tokens,129,0.0,True,0.15,129
2,0,1,,,0.0,direct,sax-new,3,1,2,0,7,0,,039_typical_min_tokens_high80_205_91582c7b687c,39,1.0,1.0,36,ok,1,high80,typical_min_tokens,205,0.0,True,0.15,205
2,0,1,,,0.0,direct,sax-new,3,1,2,0,7,0,,040_sample_cutoff_low20_0p18_43a81cc99ea5,40,0.18,1.0,36,ok,1,low20,sample_cutoff,0.18,0.0,True,0.15,64
2,0,1,,,0.0,direct,sax-new,3,1,2,0,7,0,,041_sample_cutoff_mid50_0p45_9e5a53ebd80c,41,0.45,1.0,36,ok,1,mid50,sample_cutoff,0.45,0.0,True,0.15,64
2,0,1,,,0.0,direct,sax-new,3,1,2,0,7,0,,042_sample_cutoff_high80_0p72_9e011f9d6b14,42,0.72,1.0,36,ok,1,high80,sample_cutoff,0.72,0.0,True,0.15,64
2,0,1,,,0.0,direct,sax-new,3,1,2,0,7,0,,043_sampling_steps_low20_26_5d6135227f4d,43,1.0,1.0,26,ok,1,low20,sampling_steps,26,0.0,True,0.15,64
2,0,1,,,0.0,direct,sax-new,3,1,2,0,7,0,,044_sampling_steps_mid50_65_da4f121a290b,44,1.0,1.0,65,ok,1,mid50,sampling_steps,65,0.0,True,0.15,64
2,0,1,,,0.0,direct,sax-new,3,1,2,0,7,0,,045_sampling_steps_high80_103_7713192ec232,45,1.0,1.0,103,ok,1,high80,sampling_steps,103,0.0,True,0.15,64
